kabupaten_kota,tahun,hls__nilai,rls__nilai,amh__nilai,sd__Jumlah Sekolah SD (Negeri),sd__Jumlah Sekolah SD (Swasta),sd__Jumlah Sekolah SD (Negeri+Swasta),sd__Jumlah Guru SD (Negeri),sd__Jumlah Guru SD (Swasta),sd__Jumlah Guru SD (Negeri+Swasta),sd__Jumlah Murid SD (Negeri),sd__Jumlah Murid SD (Swasta),sd__Jumlah Murid SD (Negeri+Swasta),smp__Jumlah Sekolah SMP (Negeri),smp__Jumlah Sekolah SMP (Swasta),smp__Jumlah Sekolah SMP (Negeri+Swasta),smp__Jumlah Guru SMP (Negeri),smp__Jumlah Guru SMP (Swasta),smp__Jumlah Guru SMP (Negeri+Swasta),smp__Jumlah Murid SMP (Negeri),smp__Jumlah Murid SMP (Swasta),smp__Jumlah Murid SMP (Negeri+Swasta),sma__Jumlah Sekolah SMA (Negeri),sma__Jumlah Sekolah SMA (Swasta),sma__Jumlah Sekolah SMA (Negeri+Swasta),sma__Jumlah Guru SMA (Negeri),sma__Jumlah Guru SMA (Swasta),sma__Jumlah Guru SMA (Negeri+Swasta),sma__Jumlah Murid SMA (Negeri),sma__Jumlah Murid SMA (Swasta),sma__Jumlah Murid SMA (Negeri+Swasta),smk__Jumlah Sekolah SMK (Negeri),smk__Jumlah Sekolah SMK (Swasta),smk__Jumlah Sekolah SMK (Negeri+Swasta),smk__Jumlah Guru SMK (Negeri),smk__Jumlah Guru SMK (Swasta),smk__Jumlah Guru SMK (Negeri+Swasta),smk__Jumlah Murid SMK (Negeri),smk__Jumlah Murid SMK (Swasta),smk__Jumlah Murid SMK (Negeri+Swasta)
Kabupaten Aceh Barat,2016,14.56,8.7,97.84,148,4,153,2125,48,2315,15757,422,16233,39,10,49,658,93,751,5270,698,5968,17,4,21,434,58,492,4404,570,4974,10,1,11,297,16,313,2469,42,2511
Kabupaten Aceh Barat,2017,14.57,9.04,97.84,150,3,153,2050,41,2091,16169,414,16583,45,8,53,727,88,815,5427,631,6058,17,4,21,431,61,492,4365,675,5040,10,1,11,296,14,310,2578,26,2604
Kabupaten Aceh Barat,2018,14.58,9.08,97.84,150,3,153,2127,36,2163,15694,467,16161,45,9,54,757,106,863,5391,783,6174,17,4,21,421,65,486,4269,639,4908,10,1,11,300,15,316,2606,30,2635
Kabupaten Aceh Barat,2019,14.59,9.09,97.84,150,3,153,2276,39,2315,15718,515,16233,45,11,56,774,130,904,5649,1006,6655,17,4,21,423,67,490,4289,652,4941,10,1,11,305,16,321,2633,33,2666
Kabupaten Aceh Barat,2020,14.6,9.37,97.84,150,3,153,2367,38,2405,15377,542,15919,45,13,58,850,173,1023,5544,1176,6720,17,4,21,433,68,501,4077,642,4719,10,1,11,312,20,332,2619,66,2685
Kabupaten Aceh Barat,2021,14.61,9.55,97.94,150,5,155,2259,74,2333,15452,614,16066,45,16,61,858,181,1039,4975,1243,6218,17,4,21,415,70,485,3999,657,4656,10,1,11,297,15,312,2744,55,2799
Kabupaten Aceh Barat,2022,14.63,9.87,98.69,150,5,155,2263,81,2344,15180,629,15809,45,16,61,893,188,1081,4657,1462,6119,17,5,22,421,77,498,4050,721,4771,11,0,11,344,0,344,2878,0,2878
Kabupaten Aceh Barat,2023,14.64,9.98,98.71,150,6,156,2203,76,2279,15080,671,15751,46,15,61,925,166,1091,4653,1529,6182,17,5,22,450,67,517,4255,684,4939,11,0,11,389,0,389,2913,0,2913
Kabupaten Aceh Barat,2024,14.93,9.99,98.13,150,6,156,2143,71,2214,14980,713,15693,46,16,62,919,138,1057,5017,1556,6573,17,5,22,446,55,501,4034,572,4606,11,0,11,376,0,376,2677,0,2677
Kabupaten Aceh Barat,2025,14.93,9.99,98.13,151,6,157,2096,83,2179,14886,841,15727,46,16,62,880,172,1052,5183,1502,6685,17,5,22,432,68,500,4031,531,4562,11,0,11,367,0,367,2691,0,2691
Kabupaten Aceh Barat Daya,2016,13.54,7.93,95.55,107,1,108,1573,0,1522,12039,49,12120,24,5,29,495,65,560,5206,405,5611,13,2,15,445,33,478,4859,339,5198,5,0,5,170,0,170,1222,0,1222
Kabupaten Aceh Barat Daya,2017,13.55,8.12,95.55,107,1,108,1564,11,1575,11939,101,12040,24,5,29,490,67,557,4945,379,5324,13,2,15,443,28,471,4770,294,5064,5,0,5,157,0,157,1217,0,1217
Kabupaten Aceh Barat Daya,2018,13.56,8.13,95.55,107,1,108,1449,11,1460,11897,177,12074,24,5,29,465,60,525,4780,411,5191,13,2,15,445,30,475,4497,277,4774,5,0,5,152,0,152,1172,0,1172
Kabupaten Aceh Barat Daya,2019,13.57,8.35,95.55,107,1,108,1507,15,1522,11884,236,12120,24,5,29,549,58,607,4941,489,5430,13,2,15,409,31,440,4439,286,4725,5,0,5,146,0,146,1127,0,1127
Kabupaten Aceh Barat Daya,2020,13.58,8.66,95.55,107,2,109,1542,23,1565,11590,383,11973,24,5,29,591,69,660,4968,458,5426,13,2,15,428,32,460,4309,284,4593,5,0,5,152,0,152,1079,0,1079
Kabupaten Aceh Barat Daya,2021,13.65,8.67,95.96,107,4,111,1481,40,1521,11878,577,12455,24,8,32,601,88,689,4761,678,5439,13,2,15,397,35,432,4655,306,4961,5,0,5,138,0,138,1044,0,1044
Kabupaten Aceh Barat Daya,2022,13.66,8.68,96.78,107,5,112,1436,58,1494,11623,784,12407,24,8,32,596,96,692,4557,826,5383,13,2,15,402,30,432,4182,316,4498,5,0,5,146,0,146,1011,0,1011
Kabupaten Aceh Barat Daya,2023,13.67,8.77,96.16,107,5,112,1464,63,1526,11676,906,12582,24,7,31,606,86,692,4538,864,5402,13,2,15,402,31,433,4280,315,4595,5,0,5,157,0,157,1052,0,1052
Kabupaten Aceh Barat Daya,2024,13.69,8.78,97.17,107,5,112,1491,68,1559,11729,1028,12757,24,7,31,614,75,689,4856,907,5763,13,2,15,407,31,438,4285,290,4575,5,0,5,165,0,165,1018,0,1018
Kabupaten Aceh Barat Daya,2025,13.69,8.78,97.17,107,5,112,1514,76,1590,11724,1103,12827,24,7,31,616,82,698,4928,826,5754,13,2,15,414,33,447,4198,275,4473,5,0,5,163,0,163,1116,0,1116
Kabupaten Aceh Besar,2016,14.48,9.92,98.48,201,9,211,2518,172,2692,27590,2421,31312,50,21,71,1095,232,1327,8622,2382,11004,28,13,41,844,169,1013,5899,1216,7115,7,2,9,277,17,294,2503,279,2782
Kabupaten Aceh Besar,2017,14.49,9.93,98.48,201,9,210,2411,181,2592,28221,2753,30974,51,21,72,1112,233,1345,8677,2547,11224,28,13,41,835,171,1006,5926,1322,7248,8,3,11,312,13,325,3109,360,3469
Kabupaten Aceh Besar,2018,14.7,10.14,98.48,201,10,211,2340,208,2548,28117,2996,31113,52,23,75,1099,239,1338,9129,3158,12287,28,14,42,807,190,997,5892,1503,7395,8,3,11,343,23,366,3091,381,3472
Kabupaten Aceh Besar,2019,14.71,10.31,98.48,201,10,211,2495,197,2692,28124,3188,31312,52,26,78,1107,283,1390,10221,4181,14402,28,17,45,811,193,1004,5882,1718,7600,8,3,11,374,33,407,3073,402,3475
Kabupaten Aceh Besar,2020,14.72,10.32,98.48,201,10,211,2603,214,2817,27519,3214,30733,52,26,78,1154,342,1496,10447,4717,15164,28,16,44,850,205,1055,5614,1862,7476,8,3,11,399,35,434,2917,408,3325
Kabupaten Aceh Besar,2021,14.73,10.33,98.19,201,12,213,2450,232,2682,27296,3192,30488,52,27,79,1061,319,1380,10027,5232,15259,28,17,45,762,219,981,5873,2264,8137,8,3,11,395,41,436,3142,445,3587
Kabupaten Aceh Besar,2022,14.75,10.35,98.82,202,12,214,2463,232,2695,27559,3100,30659,52,29,81,1047,343,1390,9475,5154,14629,28,20,48,792,219,1011,6460,2532,8992,8,3,11,420,41,461,2710,479,3189
Kabupaten Aceh Besar,2023,14.76,10.36,98.33,202,12,214,2520,230,2750,27739,3034,30774,52,30,82,1023,361,1384,9381,4835,14216,28,20,48,807,216,1023,7169,2721,9890,8,3,11,414,48,462,2722,485,3207
Kabupaten Aceh Besar,2024,14.77,10.37,98.58,202,13,215,2578,228,2806,27919,2969,30888,52,37,89,1040,347,1387,9693,4579,14272,28,20,48,858,207,1065,7522,2685,10207,8,3,11,426,35,461,2609,424,3033
Kabupaten Aceh Besar,2025,14.77,10.37,98.58,202,13,215,2590,239,2829,28276,2974,31250,52,38,90,972,390,1362,10060,4285,14345,30,20,50,856,216,1072,7664,2545,10209,8,3,11,433,35,468,2650,393,3043
Kabupaten Aceh Jaya,2016,13.94,7.95,96.93,98,0,98,861,0,1051,8822,0,9422,30,4,34,351,50,401,2418,509,2927,11,3,14,188,31,219,1765,393,2158,6,1,7,93,15,108,566,126,692
Kabupaten Aceh Jaya,2017,13.95,813.0,96.93,98,0,98,921,0,921,9309,0,9309,30,4,34,377,59,436,2313,487,2800,11,3,14,218,37,255,1805,537,2342,6,1,7,100,15,115,576,159,735
Kabupaten Aceh Jaya,2018,13.96,8.37,96.93,98,0,98,896,0,896,9405,0,9405,31,4,35,373,52,425,2361,552,2913,11,3,14,227,50,277,1785,530,2315,6,1,7,101,16,117,594,148,742
Kabupaten Aceh Jaya,2019,13.97,8.66,96.93,98,0,98,1051,0,1051,9422,0,9422,31,4,35,392,56,448,2819,695,3514,11,3,14,223,51,274,1756,541,2297,6,1,7,102,17,119,613,137,750
Kabupaten Aceh Jaya,2020,13.98,8.7,96.93,98,0,98,1193,0,1193,9178,0,9178,31,4,35,471,78,549,3244,686,3930,11,3,14,223,51,274,1690,433,2123,6,1,7,103,16,119,719,114,833
Kabupaten Aceh Jaya,2021,13.99,8.71,95.67,98,0,98,1082,0,1082,9187,0,9187,31,4,35,426,67,493,3192,707,3899,11,3,14,202,45,247,1763,436,2199,6,1,7,106,15,121,745,119,864
Kabupaten Aceh Jaya,2022,14.01,8.72,95.52,98,0,98,1094,0,1094,9023,0,9023,31,6,37,471,71,542,2968,695,3663,11,3,14,212,43,255,2026,478,2504,6,1,7,119,14,133,806,132,938
Kabupaten Aceh Jaya,2023,14.02,8.74,96.66,98,0,98,1119,0,1119,8982,0,8982,31,7,38,482,63,545,2926,727,3653,11,3,14,226,36,262,2285,384,2669,6,1,7,142,14,156,809,149,958
Kabupaten Aceh Jaya,2024,14.06,9.02,96.91,98,0,98,1144,0,1144,8940,0,8940,31,7,38,512,66,578,3074,712,3786,11,3,14,227,26,253,2400,328,2728,6,1,7,138,11,149,868,153,1021
Kabupaten Aceh Jaya,2025,14.06,9.02,96.91,98,0,98,1157,0,1157,8973,0,8973,31,7,38,517,95,612,3091,657,3748,11,3,14,220,27,247,2266,319,2585,6,1,7,142,11,153,882,150,1032
Kabupaten Aceh Selatan,2016,13.53,8.02,96.82,201,2,205,2687,20,2578,19840,209,20300,52,5,57,849,40,889,8897,371,9268,27,6,33,671,49,720,7042,434,7476,10,1,11,259,7,266,1515,67,1582
Kabupaten Aceh Selatan,2017,13.8,8.33,96.82,201,2,203,2589,16,2605,19698,243,19941,52,6,58,912,52,964,8532,432,8964,27,6,33,685,79,764,6908,534,7442,10,1,11,240,7,247,1535,65,1600
Kabupaten Aceh Selatan,2018,14.15,8.38,96.82,201,2,203,2508,15,2523,19848,272,20120,52,6,58,920,57,977,8030,493,8523,27,6,33,753,94,847,6729,584,7313,10,1,11,245,8,254,1527,68,1595
Kabupaten Aceh Selatan,2019,14.41,8.59,96.82,201,4,205,2544,34,2578,19924,376,20300,52,6,58,926,74,1000,7979,510,8489,28,5,33,765,73,838,6659,497,7156,10,1,11,250,10,260,1519,71,1590
Kabupaten Aceh Selatan,2020,14.42,8.87,96.82,201,4,205,2660,38,2698,19763,436,20199,52,6,58,979,79,1058,7992,496,8488,28,5,33,797,78,875,6416,432,6848,10,1,11,254,11,265,1435,111,1546
Kabupaten Aceh Selatan,2021,14.6,8.88,96.58,202,3,205,2564,35,2599,19591,445,20036,52,8,60,961,88,1049,7890,617,8507,28,5,33,752,69,821,6147,421,6568,10,1,11,262,16,278,1454,97,1551
Kabupaten Aceh Selatan,2022,14.69,8.89,96.7,202,3,205,2641,29,2670,19544,505,20049,52,8,60,994,103,1097,7837,740,8577,28,5,33,772,68,840,6036,348,6384,10,1,11,287,14,301,1291,83,1374
Kabupaten Aceh Selatan,2023,14.7,8.91,97.42,202,4,206,2550,35,2584,19480,546,20026,52,10,62,955,110,1065,7806,945,8751,28,5,33,806,62,868,6246,327,6573,10,2,12,305,20,325,1338,98,1436
Kabupaten Aceh Selatan,2024,14.71,8.92,97.58,202,4,206,2458,41,2499,19416,588,20004,52,11,63,949,109,1058,7991,1049,9040,29,5,34,840,62,902,6382,454,6836,10,2,12,307,16,323,1408,79,1487
Kabupaten Aceh Selatan,2025,14.71,8.92,97.58,202,4,206,2481,45,2526,19126,639,19765,53,11,64,964,112,1076,8028,1201,9229,30,6,36,853,80,933,6304,622,6926,10,2,12,299,23,322,1472,63,1535
Kabupaten Aceh Singkil,2016,14.27,7.69,96.89,101,6,110,1135,48,1287,15655,1185,17271,29,7,36,455,75,530,5308,1264,6572,11,2,13,239,18,257,3380,264,3644,4,2,6,92,17,109,925,175,1100
Kabupaten Aceh Singkil,2017,14.28,7.84,96.89,104,4,108,1098,48,1146,15701,1133,16834,29,8,37,449,94,543,5278,1260,6538,11,2,13,245,21,266,3332,319,3651,5,2,7,119,23,142,955,202,1157
Kabupaten Aceh Singkil,2018,14.29,8.05,96.89,106,4,110,1113,47,1160,15834,1100,16934,30,8,38,448,95,543,4848,1192,6040,11,2,13,254,26,280,3375,351,3726,5,2,8,117,22,139,918,196,1114
Kabupaten Aceh Singkil,2019,14.3,8.52,96.89,106,4,110,1239,48,1287,16129,1142,17271,31,7,38,535,85,620,4683,1275,5958,11,3,14,251,28,279,3528,366,3894,5,3,8,115,21,136,882,189,1071
Kabupaten Aceh Singkil,2020,14.31,8.53,96.89,105,5,110,1274,57,1331,15778,1237,17015,31,8,39,560,84,644,4402,1379,5781,11,3,14,262,31,293,3522,404,3926,5,3,8,117,28,145,882,170,1052
Kabupaten Aceh Singkil,2021,14.32,8.68,97.51,105,5,110,1235,49,1284,15773,1321,17094,31,11,42,523,90,613,4359,1607,5966,11,3,14,257,29,286,3289,390,3679,6,3,9,121,27,148,890,147,1037
Kabupaten Aceh Singkil,2022,14.34,8.69,97.47,105,6,111,1320,56,1376,15506,1371,16877,31,15,46,521,115,636,4368,1787,6155,10,4,14,270,25,295,3051,376,3427,6,3,9,149,35,184,856,161,1017
Kabupaten Aceh Singkil,2023,14.35,8.7,97.71,105,6,112,1308,60,1369,15499,1402,16901,31,17,48,521,138,659,4447,2267,6714,10,4,14,283,28,311,3048,360,3408,6,3,9,172,32,204,787,132,919
Kabupaten Aceh Singkil,2024,14.36,8.72,96.6,105,7,112,1297,65,1362,15492,1433,16925,31,18,49,505,131,636,4621,2425,7046,10,5,15,283,27,310,3301,450,3751,6,3,9,161,28,189,802,98,900
Kabupaten Aceh Singkil,2025,14.36,8.72,96.6,105,8,113,1221,77,1298,15608,1474,17082,31,24,55,463,209,672,4854,2583,7437,10,5,15,277,44,321,3525,505,4030,6,3,9,157,27,184,855,90,945
Kabupaten Aceh Tamiang,2016,13.55,8.21,98.14,156,8,169,1874,91,1979,29525,1362,30688,48,9,57,911,112,1023,10722,1461,12183,21,6,27,579,50,629,7770,344,8114,5,3,8,277,30,307,2685,221,2906
Kabupaten Aceh Tamiang,2017,13.56,8.47,98.14,156,8,164,1754,88,1842,29601,1296,30897,48,9,57,885,112,997,10519,1475,11994,21,6,27,653,66,719,7737,397,8134,5,3,8,282,33,315,2853,222,3075
Kabupaten Aceh Tamiang,2018,13.57,8.7,98.14,159,9,168,1740,89,1829,29243,1341,30584,48,9,57,853,102,955,10406,1497,11903,21,6,27,684,70,754,7875,453,8328,5,4,8,286,37,322,3013,291,3304
Kabupaten Aceh Tamiang,2019,13.58,8.89,98.14,159,10,169,1872,107,1979,29278,1410,30688,48,10,58,881,127,1008,10578,1789,12367,21,6,27,696,66,762,8135,566,8701,5,4,9,289,41,330,3173,360,3533
Kabupaten Aceh Tamiang,2020,13.59,8.9,98.14,158,11,169,1936,114,2050,28464,1475,29939,48,10,58,899,136,1035,10704,2005,12709,21,6,27,742,63,805,8341,638,8979,5,4,9,307,45,352,3140,331,3471
Kabupaten Aceh Tamiang,2021,13.76,8.91,98.24,158,12,170,1888,119,2007,27509,1566,29075,48,10,58,883,131,1014,10701,2205,12906,21,6,27,690,55,745,8440,699,9139,5,5,10,302,41,343,3157,375,3532
Kabupaten Aceh Tamiang,2022,13.96,9.04,98.05,158,12,170,1956,109,2065,27086,1628,28714,48,12,60,873,160,1033,10422,2131,12553,21,6,27,694,58,752,8296,741,9037,5,5,10,317,32,349,2846,387,3233
Kabupaten Aceh Tamiang,2023,14.23,9.24,98.92,158,12,170,1993,111,2104,26672,1685,28358,48,13,61,884,168,1052,10212,2099,12311,21,6,27,742,45,787,8576,804,9380,5,4,9,332,33,365,2855,427,3282
Kabupaten Aceh Tamiang,2024,14.51,9.3,99.14,158,11,169,2030,113,2143,26259,1742,28001,49,16,65,922,176,1098,10081,2062,12143,21,6,27,753,49,802,8677,753,9430,5,4,9,339,37,376,2881,429,3310
Kabupaten Aceh Tamiang,2025,14.51,9.3,99.14,158,13,171,1982,138,2120,26002,1809,27811,49,16,65,898,192,1090,10288,2169,12457,21,7,28,752,56,808,8630,708,9338,5,4,9,347,38,385,2950,402,3352
Kabupaten Aceh Tengah,2016,14.23,9.66,98.55,185,4,197,2163,80,2197,18788,933,20218,43,4,47,839,27,866,6148,348,6496,18,1,19,522,18,540,4761,72,4833,4,1,5,194,14,208,2219,22,2241
Kabupaten Aceh Tengah,2017,14.24,9.67,98.55,188,5,193,2023,104,2127,18690,1242,19932,43,5,48,817,37,854,5978,404,6382,18,1,19,524,16,540,4574,55,4629,4,1,5,197,11,208,2419,35,2454
Kabupaten Aceh Tengah,2018,14.25,9.68,98.55,188,6,194,2001,105,2106,18469,1347,19816,43,5,48,809,44,853,5535,432,5967,18,2,20,524,23,547,4263,107,4370,4,1,5,198,12,210,2411,36,2447
Kabupaten Aceh Tengah,2019,14.26,9.69,98.55,189,8,197,2084,113,2197,18609,1609,20218,43,6,49,887,65,952,5507,638,6145,18,2,20,541,22,563,4192,165,4357,4,1,5,198,14,212,2403,37,2440
Kabupaten Aceh Tengah,2020,14.27,9.85,98.55,190,8,198,2158,124,2282,18145,1732,19877,43,6,49,929,91,1020,5149,856,6005,17,2,19,529,27,556,3946,197,4143,5,1,6,240,18,258,2405,44,2449
Kabupaten Aceh Tengah,2021,14.28,9.86,99.24,190,10,200,1999,167,2166,17853,1955,19808,44,7,51,890,98,988,5056,1093,6149,17,2,19,477,26,503,3919,227,4146,5,1,6,234,18,252,2864,57,2921
Kabupaten Aceh Tengah,2022,14.61,9.87,99.38,190,11,201,2112,205,2317,17660,2115,19775,44,8,52,891,126,1017,4969,1184,6153,17,2,19,488,33,521,4098,218,4316,5,1,6,258,11,269,2228,56,2284
Kabupaten Aceh Tengah,2023,14.85,9.89,98.72,190,12,202,2228,212,2439,17726,2348,20074,44,12,56,908,150,1058,5076,1386,6462,17,2,19,512,23,535,4410,246,4656,5,1,6,288,7,295,2210,59,2269
Kabupaten Aceh Tengah,2024,15.03,10.03,98.68,190,12,202,2343,218,2561,17792,2581,20373,44,13,57,902,145,1047,5186,1539,6725,17,2,19,502,15,517,4574,263,4837,5,1,6,289,12,301,2151,71,2222
Kabupaten Aceh Tengah,2025,15.03,10.03,98.68,190,14,204,2422,270,2692,17897,2759,20656,44,14,58,875,194,1069,5414,1684,7098,17,3,20,490,35,525,4735,280,5015,5,1,6,285,15,300,2288,62,2350
Kabupaten Aceh Tenggara,2016,13.96,9.33,98.6,143,24,176,1514,196,1733,20526,3415,25983,36,22,58,634,178,812,7571,2705,10276,20,7,27,468,60,528,6310,1089,7399,6,9,15,149,66,215,1701,634,2335
Kabupaten Aceh Tenggara,2017,13.97,9.63,98.6,144,26,170,1418,182,1600,20639,3994,24633,36,26,62,640,191,831,7124,3001,10125,20,7,27,479,69,548,6323,1146,7469,6,10,16,156,90,246,1811,780,2591
Kabupaten Aceh Tenggara,2018,13.98,9.64,98.6,144,31,175,1369,211,1580,20767,4575,25342,36,32,68,635,205,840,6768,3234,10002,20,7,27,487,76,563,5901,1144,7045,6,10,16,178,94,272,1874,816,2690
Kabupaten Aceh Tenggara,2019,13.99,9.65,98.6,145,31,176,1470,263,1733,20934,5049,25983,36,38,74,678,283,961,6426,3854,10280,20,8,28,528,79,607,5611,1247,6858,6,10,16,200,98,298,1938,852,2790
Kabupaten Aceh Tenggara,2020,14.0,9.66,98.6,141,33,174,1614,327,1941,20085,5461,25546,36,35,71,751,301,1052,6055,4326,10381,20,8,28,561,82,643,5407,1273,6680,6,10,16,219,101,320,1836,775,2611
Kabupaten Aceh Tenggara,2021,14.01,9.67,99.2,141,35,176,1513,329,1842,19304,5668,24972,36,36,72,707,294,1001,5778,4604,10382,20,8,28,509,79,588,5242,1273,6515,6,10,16,199,91,290,2113,694,2807
Kabupaten Aceh Tenggara,2022,14.26,9.92,98.0,141,40,181,1580,359,1939,18561,5838,24399,36,42,78,740,341,1081,5611,4963,10574,20,8,28,545,85,630,5313,1322,6635,6,11,17,216,81,297,1664,756,2420
Kabupaten Aceh Tenggara,2023,14.27,10.09,98.14,141,40,181,1809,387,2196,18168,6250,24418,36,44,80,856,356,1212,5735,5160,10895,20,9,29,585,76,661,5130,1416,6546,6,10,16,243,73,316,1654,695,2349
Kabupaten Aceh Tenggara,2024,14.47,10.1,97.73,141,40,181,2038,415,2453,17776,6661,24437,36,46,82,896,349,1245,5933,5352,11285,20,9,29,619,73,692,5182,1528,6710,6,10,16,273,75,348,1720,700,2420
Kabupaten Aceh Tenggara,2025,14.47,10.1,97.73,141,44,185,2071,573,2644,17334,7171,24505,36,52,88,883,526,1409,6137,5474,11611,20,9,29,618,110,728,5250,1496,6746,6,10,16,276,92,368,1831,833,2664
Kabupaten Aceh Timur,2016,12.55,7.6,99.24,282,1,289,3720,20,3833,44662,318,45104,69,5,74,1359,48,1407,13489,568,14057,25,3,28,779,22,801,7977,259,8236,12,1,13,325,4,329,3536,96,3632
Kabupaten Aceh Timur,2017,13.0,7.8,99.24,284,2,286,3623,24,3647,45043,334,45377,73,6,79,1320,47,1367,13603,597,14200,27,3,30,800,28,828,8217,271,8488,12,1,13,384,6,390,3889,104,3993
Kabupaten Aceh Timur,2018,13.01,7.85,99.24,284,2,286,3595,25,3620,44939,339,45278,73,8,81,1325,50,1375,13366,581,13947,27,3,30,816,28,844,8276,286,8562,14,1,14,422,10,432,3960,109,4068
Kabupaten Aceh Timur,2019,13.02,7.86,99.24,286,3,289,3802,31,3833,44704,400,45104,73,8,81,1462,65,1527,14204,753,14957,27,3,30,817,29,846,8442,308,8750,15,1,16,460,13,473,4030,114,4144
Kabupaten Aceh Timur,2020,13.03,8.15,99.24,286,3,289,4008,29,4037,44325,402,44727,73,8,81,1542,83,1625,14856,716,15572,27,4,31,849,41,890,7968,306,8274,15,2,17,485,18,503,3828,122,3950
Kabupaten Aceh Timur,2021,13.04,8.21,99.06,285,4,289,3787,29,3816,43970,550,44520,74,8,82,1549,67,1616,14392,887,15279,27,4,31,797,39,836,7626,335,7961,15,2,17,465,20,485,3393,175,3568
Kabupaten Aceh Timur,2022,13.06,8.32,98.77,285,5,290,3849,85,3934,43638,711,44349,74,10,84,1590,92,1682,13761,1233,14994,27,4,31,784,36,820,7425,297,7722,15,2,17,518,21,539,3303,198,3501
Kabupaten Aceh Timur,2023,13.07,8.47,99.7,285,6,290,3976,69,4046,44034,804,44838,74,11,85,1601,101,1702,13552,1613,15165,27,4,31,799,33,832,7670,279,7949,15,2,17,513,21,534,3553,184,3737
Kabupaten Aceh Timur,2024,13.08,8.48,99.22,285,6,291,4104,53,4157,44429,897,45326,75,12,87,1658,92,1750,13646,1714,15360,27,4,31,806,25,831,8012,256,8268,15,2,17,514,21,535,3908,156,4064
Kabupaten Aceh Timur,2025,13.08,8.48,99.22,285,6,291,4236,75,4311,45124,873,45997,75,14,89,1602,113,1715,13827,1699,15526,27,4,31,786,26,812,8180,243,8423,15,2,17,543,16,559,4257,140,4397
Kabupaten Aceh Utara,2016,14.11,8.09,99.18,356,6,365,5938,75,5618,58546,1052,60482,95,32,127,2566,386,2952,21748,3945,25693,36,16,52,1306,218,1524,12783,2228,15011,13,9,22,448,98,546,4192,1029,5221
Kabupaten Aceh Utara,2017,14.42,8.1,99.18,357,6,363,5556,76,5632,58804,1108,59912,97,36,133,2523,430,2953,20885,4299,25184,37,17,54,1321,249,1570,12632,2572,15204,14,9,23,507,145,652,4487,1140,5627
Kabupaten Aceh Utara,2018,14.68,8.11,99.18,359,6,365,5405,77,5482,58880,1132,60012,97,37,134,2491,432,2923,19953,4354,24307,37,17,54,1277,252,1529,12341,2801,15142,14,10,24,518,158,676,4357,1402,5759
Kabupaten Aceh Utara,2019,14.69,8.46,99.18,359,6,365,5540,78,5618,59296,1186,60482,97,41,138,2399,482,2881,19881,5092,24973,37,18,55,1272,259,1531,12440,3036,15476,14,12,26,529,171,700,4227,1664,5891
Kabupaten Aceh Utara,2020,14.7,8.63,99.18,359,6,365,5721,90,5811,58820,1191,60011,97,40,137,2486,503,2989,19781,5657,25438,37,17,54,1284,277,1561,11947,3082,15029,14,11,25,537,164,701,3909,1941,5850
Kabupaten Aceh Utara,2021,14.71,8.64,99.28,359,7,366,5476,93,5569,58382,1257,59639,98,44,142,2447,517,2964,19379,5842,25221,37,17,54,1206,267,1473,11371,2752,14123,14,12,26,534,168,702,3556,1824,5380
Kabupaten Aceh Utara,2022,14.73,8.73,98.88,359,7,366,5549,93,5642,58381,1308,59689,99,44,143,2398,525,2923,18568,5762,24330,37,17,54,1234,260,1494,10786,2490,13276,14,12,26,578,177,755,3120,1596,4716
Kabupaten Aceh Utara,2023,14.74,8.85,99.55,359,7,366,5558,92,5650,59031,1376,60408,99,48,147,2398,561,2959,18410,5792,24202,37,16,53,1191,233,1424,11319,2447,13766,14,14,28,569,199,768,3069,1547,4616
Kabupaten Aceh Utara,2024,14.75,9.11,98.75,359,7,366,5568,90,5658,59681,1445,61126,99,49,148,2403,526,2929,18962,5914,24876,37,16,53,1256,210,1466,12050,2367,14417,14,14,28,589,164,753,3315,1479,4794
Kabupaten Aceh Utara,2025,14.75,9.11,98.75,359,7,366,5623,96,5719,60417,1526,61943,99,49,148,2384,605,2989,19372,5813,25185,37,16,53,1244,211,1455,12476,2365,14841,14,14,28,581,179,760,3833,1389,5222
Kabupaten Bener Meriah,2016,13.42,9.43,99.1,126,0,132,1482,0,1355,14666,0,16471,41,10,51,737,142,879,3719,1411,5130,15,8,23,483,79,562,3193,724,3917,4,0,4,154,0,154,980,0,980
Kabupaten Bener Meriah,2017,13.43,9.55,99.1,126,1,127,1392,2,1394,15530,130,15660,41,10,51,729,140,869,3635,1199,4834,15,8,23,489,85,574,3156,705,3861,4,1,5,156,11,167,1009,1,1010
Kabupaten Bener Meriah,2018,13.44,9.56,99.1,127,2,129,1178,6,1184,15526,202,15728,41,12,53,637,143,780,3542,1154,4696,15,8,23,455,98,553,2863,606,3469,4,1,6,163,12,174,1085,39,1124
Kabupaten Bener Meriah,2019,13.45,9.78,99.1,127,5,132,1315,40,1355,16071,400,16471,41,16,57,653,193,846,3651,1434,5085,14,9,23,405,108,513,2716,622,3338,5,1,6,170,12,182,1161,77,1238
Kabupaten Bener Meriah,2020,13.46,9.79,99.1,127,5,132,1390,55,1445,15864,754,16618,42,15,57,688,187,875,3640,1491,5131,14,9,23,396,110,506,2429,642,3071,5,1,6,187,11,198,1280,74,1354
Kabupaten Bener Meriah,2021,13.47,10.0,99.94,127,5,132,1327,64,1391,15805,956,16761,42,16,58,710,178,888,3602,1634,5236,13,9,22,340,106,446,2382,670,3052,5,1,6,185,11,196,1570,72,1642
Kabupaten Bener Meriah,2022,13.71,10.01,99.15,127,5,132,1364,62,1426,15816,1182,16998,42,16,58,690,176,866,3595,1509,5104,13,9,22,342,100,442,2656,680,3336,5,1,6,191,13,204,1275,71,1346
Kabupaten Bener Meriah,2023,13.72,10.12,99.57,127,6,133,1436,79,1515,15991,1476,17467,42,16,58,695,172,867,3981,1634,5615,13,9,22,362,93,455,3074,722,3796,5,1,6,187,14,201,1248,60,1308
Kabupaten Bener Meriah,2024,13.73,10.13,99.22,127,7,134,1508,96,1604,16166,1770,17936,42,17,59,719,153,872,4216,1780,5996,13,9,22,374,81,455,3423,802,4225,5,1,6,180,9,189,1230,54,1284
Kabupaten Bener Meriah,2025,13.73,10.13,99.22,127,8,135,1522,156,1678,16096,1971,18067,42,17,59,686,189,875,4474,1788,6262,13,10,23,367,102,469,3606,785,4391,5,1,6,177,9,186,1207,50,1257
Kabupaten Bireuen,2016,14.42,9.15,98.88,228,4,234,4036,56,3831,31284,869,33627,62,16,78,2098,143,2241,13995,3158,17153,24,8,32,1193,92,1285,9386,1971,11357,8,4,12,409,27,436,2919,459,3378
Kabupaten Bireuen,2017,14.8,9.16,98.88,228,5,233,3838,79,3917,31730,1153,32883,62,20,82,2058,195,2253,13449,3288,16737,24,10,34,1202,128,1330,9088,1989,11077,8,4,12,423,24,447,3036,522,3558
Kabupaten Bireuen,2018,14.81,9.17,98.88,228,5,233,3645,91,3736,31949,1377,33326,62,24,86,2008,257,2265,12930,3546,16476,24,12,36,1198,153,1351,8593,2077,10670,8,4,12,424,34,458,3029,601,3630
Kabupaten Bireuen,2019,14.82,9.27,98.88,228,6,234,3742,89,3831,31933,1694,33627,61,27,88,1901,293,2194,13526,4695,18221,24,12,36,1084,149,1233,8326,2403,10729,8,4,12,424,44,468,3022,680,3702
Kabupaten Bireuen,2020,14.83,9.28,98.88,228,7,235,3800,98,3898,31424,2109,33533,61,31,92,1912,337,2249,13338,5714,19052,24,12,36,1097,162,1259,7821,2681,10502,8,4,12,447,44,491,3030,675,3705
Kabupaten Bireuen,2021,14.84,9.29,99.19,224,7,231,3719,122,3841,31316,2418,33734,61,34,95,1882,347,2229,12849,6690,19539,24,13,37,1034,147,1181,7394,2761,10155,8,4,12,433,47,480,3158,619,3777
Kabupaten Bireuen,2022,14.86,9.31,99.23,224,9,233,3704,142,3846,30930,2456,33386,61,40,101,1895,365,2260,12035,6999,19034,24,13,37,1011,159,1170,7286,2865,10151,8,4,12,432,52,484,3330,720,4050
Kabupaten Bireuen,2023,14.87,9.32,99.27,224,10,234,3706,158,3864,31106,2638,33744,61,44,105,1854,413,2267,11989,7168,19157,24,15,39,986,168,1154,7669,2862,10531,8,5,13,443,63,506,3436,806,4242
Kabupaten Bireuen,2024,14.88,9.59,99.23,224,10,234,3707,175,3882,31283,2820,34103,61,44,105,1890,416,2306,12234,7141,19375,24,15,39,991,178,1169,8006,2963,10969,8,5,13,463,52,515,3549,907,4456
Kabupaten Bireuen,2025,14.88,9.59,99.23,225,10,235,3661,202,3863,31804,2955,34759,61,49,110,1902,513,2415,12309,7182,19491,24,16,40,946,190,1136,8253,2915,11168,8,5,13,461,59,520,3813,927,4740
Kabupaten Gayo Lues,2016,13.27,7.1,93.91,83,4,90,805,59,890,9890,918,10929,27,4,31,303,32,335,3531,513,4044,12,3,15,252,18,270,2823,164,2987,2,0,2,59,0,59,364,0,364
Kabupaten Gayo Lues,2017,13.28,7.39,93.91,84,4,88,678,64,742,9695,1010,10705,29,6,35,319,33,352,3462,620,4082,12,3,15,256,15,271,2807,209,3016,2,0,2,55,0,55,350,0,350
Kabupaten Gayo Lues,2018,13.49,7.69,93.91,84,4,88,647,64,711,9523,1049,10572,29,7,36,269,39,308,3281,731,4012,12,2,14,253,9,262,2616,224,2840,2,0,2,56,0,56,296,0,296
Kabupaten Gayo Lues,2019,13.73,7.91,93.91,84,6,90,807,83,890,9717,1212,10929,29,8,37,347,64,411,3113,1036,4149,12,2,14,255,11,266,2514,285,2799,2,0,2,56,0,56,241,0,241
Kabupaten Gayo Lues,2020,13.77,8.2,93.91,84,6,90,917,86,1003,9833,1261,11094,29,10,39,420,77,497,2684,1059,3743,12,2,14,257,12,269,2534,302,2836,2,0,2,56,0,56,264,0,264
Kabupaten Gayo Lues,2021,13.78,8.4,95.71,85,6,91,930,83,1013,10046,1267,11313,27,10,37,382,91,473,2095,1168,3263,12,3,15,251,15,266,2576,250,2826,2,0,2,56,0,56,288,0,288
Kabupaten Gayo Lues,2022,14.08,8.41,95.68,85,7,92,972,90,1062,9980,1236,11216,28,14,42,427,101,528,2242,1363,3605,12,4,16,262,15,277,2424,264,2688,2,0,2,66,0,66,286,0,286
Kabupaten Gayo Lues,2023,14.34,8.42,95.41,85,7,92,966,86,1052,10068,1260,11328,28,13,41,452,101,553,2303,1465,3768,12,3,15,272,17,289,2424,208,2632,2,0,2,78,0,78,313,0,313
Kabupaten Gayo Lues,2024,14.59,8.44,97.05,85,7,92,960,82,1042,10156,1285,11441,28,14,42,396,96,492,2359,1515,3874,12,4,16,270,26,296,2429,253,2682,3,0,3,74,0,74,296,0,296
Kabupaten Gayo Lues,2025,14.59,8.44,97.05,85,7,92,968,98,1066,10308,1327,11635,28,13,41,392,131,523,2325,1526,3851,12,4,16,262,38,300,2508,306,2814,3,0,3,84,0,84,399,0,399
Kabupaten Nagan Raya,2016,14.09,8.24,97.05,132,2,136,1507,24,1508,14419,176,15091,33,5,38,641,30,671,5819,289,6108,17,1,18,445,0,445,4929,4,4933,2,3,5,50,36,86,404,329,733
Kabupaten Nagan Raya,2017,14.1,8.25,97.05,132,3,135,1403,26,1429,14522,294,14816,33,5,38,587,42,629,5381,350,5731,17,1,18,449,0,449,4694,4,4698,2,3,5,48,32,80,421,449,870
Kabupaten Nagan Raya,2018,14.11,8.26,97.05,132,3,135,1369,31,1400,14559,354,14913,33,5,38,558,46,604,5235,412,5647,17,0,17,447,0,447,4319,0,4319,2,3,5,50,36,86,464,447,912
Kabupaten Nagan Raya,2019,14.12,8.5,97.05,133,3,136,1468,40,1508,14702,389,15091,35,4,39,601,37,638,5442,396,5838,17,1,18,442,0,442,4184,0,4184,2,3,5,51,41,92,508,445,953
Kabupaten Nagan Raya,2020,14.13,8.68,97.05,133,3,136,1595,39,1634,14334,420,14754,35,4,39,652,44,696,5454,414,5868,17,0,17,455,0,455,3881,0,3881,2,3,5,51,39,90,495,397,892
Kabupaten Nagan Raya,2021,14.14,8.69,97.47,133,4,137,1570,41,1611,14769,489,15258,36,4,40,634,41,675,5350,413,5763,17,0,17,420,0,420,3843,0,3843,2,3,5,58,42,100,484,411,895
Kabupaten Nagan Raya,2022,14.16,8.95,97.78,133,4,137,1587,56,1643,14859,505,15364,36,5,41,657,46,703,5183,497,5680,17,1,18,437,1,438,4074,37,4111,2,3,5,64,36,100,401,350,751
Kabupaten Nagan Raya,2023,14.17,8.96,98.56,133,4,136,1632,50,1682,15120,562,15682,36,5,41,666,50,716,5477,587,6064,17,1,18,453,2,455,4372,47,4419,2,2,4,69,28,97,389,331,720
Kabupaten Nagan Raya,2024,14.18,9.25,99.17,133,3,136,1678,44,1722,15381,619,16000,36,5,41,672,46,718,6017,684,6701,17,1,18,453,2,455,4406,43,4449,2,2,4,73,27,100,413,331,744
Kabupaten Nagan Raya,2025,14.18,9.25,99.17,133,4,137,1699,59,1758,15763,624,16387,36,6,42,672,58,730,6221,730,6951,17,1,18,451,4,455,4465,51,4516,2,2,4,73,30,103,451,353,804
Kabupaten Pidie,2016,13.93,8.75,97.05,272,4,279,4249,72,4184,34636,1096,35001,52,8,60,1779,87,1866,13058,1210,14268,23,5,28,1113,69,1182,9941,809,10750,6,6,12,225,136,361,2324,863,3187
Kabupaten Pidie,2017,14.25,8.76,97.05,272,4,276,4054,80,4134,34450,1118,35568,52,9,61,1864,106,1970,12445,1397,13842,24,4,28,1139,66,1205,9776,867,10643,6,6,12,255,123,378,2478,968,3446
Kabupaten Pidie,2018,14.44,8.81,97.05,272,6,278,3965,97,4062,34105,1355,35460,52,10,62,1844,123,1967,12160,1652,13812,24,4,28,1156,75,1231,9194,826,10020,6,6,13,264,123,388,2526,934,3460
Kabupaten Pidie,2019,14.45,8.82,97.05,272,7,279,4081,103,4184,33426,1575,35001,53,11,64,1906,138,2044,12797,1804,14601,24,6,30,1116,91,1207,8792,1017,9809,7,7,14,274,123,397,2575,900,3475
Kabupaten Pidie,2020,14.46,8.99,97.05,272,7,279,4133,123,4256,32631,1756,34387,53,11,64,1964,159,2123,12818,2152,14970,24,7,31,1130,100,1230,8460,998,9458,7,6,13,291,123,414,2487,949,3436
Kabupaten Pidie,2021,14.47,9.0,95.57,272,7,279,3978,131,4109,32363,1891,34254,53,15,68,1912,210,2122,12259,2504,14763,24,7,31,1030,97,1127,8443,945,9388,7,6,13,303,101,404,2418,1036,3454
Kabupaten Pidie,2022,14.49,9.02,95.81,272,7,279,4009,152,4161,31866,1999,33865,54,19,73,1828,240,2068,11185,2689,13874,24,7,31,1004,99,1103,8878,989,9867,7,6,13,313,91,404,2361,1030,3391
Kabupaten Pidie,2023,14.5,9.03,94.21,272,8,280,3993,154,4148,31806,2099,33906,54,22,76,1769,261,2030,10748,2789,13537,24,8,32,981,96,1077,9274,1202,10476,7,7,14,334,95,429,2533,1076,3609
Kabupaten Pidie,2024,14.52,9.04,95.84,272,10,282,3977,157,4134,31747,2199,33946,54,25,79,1705,267,1972,10687,2924,13611,24,8,32,1011,91,1102,9455,1293,10748,7,7,14,362,95,457,2575,1106,3681
Kabupaten Pidie,2025,14.52,9.04,95.84,272,10,282,3978,171,4149,31724,2207,33931,54,26,80,1665,297,1962,10665,2933,13598,24,7,31,1006,104,1110,9284,1054,10338,7,8,15,364,119,483,2669,1266,3935
Kabupaten Pidie Jaya,2016,14.51,8.46,96.89,90,2,93,1927,40,1893,11556,306,12106,24,6,30,779,61,840,4438,608,5046,10,3,13,494,11,505,3486,87,3573,4,1,5,170,10,180,970,26,996
Kabupaten Pidie Jaya,2017,14.52,8.84,96.89,90,2,92,1802,36,1838,11623,347,11970,24,8,32,724,80,804,4337,643,4980,10,3,13,503,15,518,3460,156,3616,4,2,6,181,16,197,911,96,1007
Kabupaten Pidie Jaya,2018,14.53,8.86,96.89,90,3,93,1811,31,1842,11601,419,12020,24,8,32,727,79,806,4177,779,4956,10,4,14,487,32,519,3167,311,3478,4,2,6,186,22,208,881,158,1038
Kabupaten Pidie Jaya,2019,14.54,9.04,96.89,90,3,93,1851,42,1893,11607,499,12106,24,8,32,730,102,832,4338,953,5291,10,4,14,473,31,504,3038,435,3473,4,3,7,192,27,219,851,219,1070
Kabupaten Pidie Jaya,2020,13.82,9.33,96.89,90,3,93,1853,44,1897,11694,546,12240,24,8,32,738,113,851,4388,954,5342,10,4,14,479,43,522,2992,489,3481,4,3,7,195,33,228,909,199,1108
Kabupaten Pidie Jaya,2021,14.97,9.34,96.82,90,3,93,1795,37,1832,11705,544,12249,24,8,32,763,99,862,4325,1032,5357,10,4,14,442,44,486,3061,476,3537,4,3,7,191,30,221,976,205,1181
Kabupaten Pidie Jaya,2022,14.98,9.53,97.46,90,3,93,1796,43,1839,11675,543,12218,25,7,32,787,83,870,4217,881,5098,10,4,14,434,40,474,3014,534,3548,4,3,7,184,37,221,1015,224,1239
Kabupaten Pidie Jaya,2023,14.99,9.58,97.48,90,4,94,1796,37,1833,11790,538,12328,25,10,35,773,99,872,4049,948,4997,10,4,14,414,38,452,3107,579,3686,4,3,7,188,39,227,1102,328,1430
Kabupaten Pidie Jaya,2024,15.01,9.59,96.68,90,4,94,1796,31,1827,11906,533,12439,25,11,36,764,111,875,4005,1049,5054,10,4,14,416,31,447,3202,593,3795,4,4,8,193,37,230,1166,360,1526
Kabupaten Pidie Jaya,2025,15.01,9.59,96.68,90,4,94,1843,34,1877,12039,578,12617,26,11,37,734,131,865,4078,1044,5122,10,5,15,404,50,454,3251,540,3791,4,4,8,194,47,241,1248,397,1645
Kabupaten Simeulue,2016,13.07,8.91,98.8,114,1,115,1551,8,1464,10455,49,9807,42,2,44,517,4,521,4441,32,4473,23,0,23,376,0,376,3542,0,3542,8,0,8,134,0,134,1107,0,1107
Kabupaten Simeulue,2017,13.23,9.06,98.8,114,1,115,1430,6,1436,10095,67,10162,42,3,45,487,17,504,4444,95,4539,25,0,25,408,0,408,3534,0,3534,8,0,8,156,0,156,1082,0,1082
Kabupaten Simeulue,2018,13.25,9.07,98.8,114,1,115,1378,15,1393,9741,82,9823,43,2,45,506,25,531,4415,150,4565,25,0,25,415,0,415,3419,0,3419,8,0,8,150,0,150,1040,0,1040
Kabupaten Simeulue,2019,13.51,9.08,98.8,114,1,115,1452,12,1464,9699,108,9807,44,2,46,554,13,567,4501,182,4683,25,0,25,424,0,424,3555,0,3555,8,0,8,144,0,144,997,0,997
Kabupaten Simeulue,2020,13.76,9.34,98.8,114,1,115,1587,11,1598,9511,119,9630,44,2,46,630,22,652,4194,168,4362,25,0,25,486,0,486,3599,0,3599,8,0,8,167,0,167,1035,0,1035
Kabupaten Simeulue,2021,13.9,9.48,98.88,113,2,115,1523,24,1547,9373,339,9712,44,2,46,642,23,665,3889,156,4045,25,1,26,438,7,445,4037,15,4052,8,0,8,152,0,152,995,0,995
Kabupaten Simeulue,2022,14.08,9.73,98.59,113,2,115,1554,28,1582,9365,326,9691,44,2,46,692,25,717,3658,116,3774,25,1,26,484,8,492,3839,34,3873,8,0,8,152,0,152,969,0,969
Kabupaten Simeulue,2023,14.28,9.81,98.42,113,2,115,1630,30,1660,9317,357,9674,44,2,46,716,27,743,3682,122,3804,25,1,26,509,6,515,3925,42,3967,8,0,8,188,0,188,858,0,858
Kabupaten Simeulue,2024,14.53,9.89,99.1,113,2,115,1706,31,1737,9269,388,9657,44,2,46,738,29,767,3918,101,4019,25,1,26,488,4,492,3772,36,3808,8,0,8,168,0,168,704,0,704
Kabupaten Simeulue,2025,14.53,9.89,99.1,113,2,115,1727,40,1767,9125,449,9574,44,2,46,743,24,767,4066,80,4146,25,1,26,485,6,491,3664,20,3684,8,0,8,170,0,170,626,0,626
Kota Banda Aceh,2016,17.03,12.57,99.79,72,12,87,1001,240,1289,19224,3600,24343,19,13,32,642,142,784,7888,1288,9176,16,14,30,677,212,889,7833,1373,9206,6,4,10,311,49,360,3431,451,3882
Kota Banda Aceh,2017,17.1,12.59,99.79,72,13,85,960,248,1208,19967,3756,23723,19,13,32,629,140,769,7816,1320,9136,16,14,30,674,198,872,8021,1425,9446,6,4,10,307,59,366,3749,488,4237
Kota Banda Aceh,2018,17.26,12.6,99.79,72,14,86,965,243,1208,20132,3864,23996,19,14,33,604,139,743,8260,1451,9711,16,14,30,687,180,867,7994,1401,9395,6,4,10,316,58,374,3824,525,4349
Kota Banda Aceh,2019,17.39,12.64,99.79,72,15,87,1033,256,1289,20291,4052,24343,19,14,33,642,157,799,8828,1711,10539,17,14,31,682,171,853,8213,1392,9605,6,4,10,324,57,381,3899,562,4461
Kota Banda Aceh,2020,17.79,12.65,99.79,72,16,88,1078,298,1376,20221,3909,24130,19,14,33,648,183,831,9409,1809,11218,17,12,29,692,185,877,7782,1323,9105,6,3,9,350,59,409,3784,568,4352
Kota Banda Aceh,2021,17.8,12.83,99.84,72,18,90,1045,360,1405,19955,4062,24017,19,14,33,647,171,818,9189,1672,10861,17,12,29,637,170,807,8390,1261,9651,6,3,9,368,53,421,4389,717,5106
Kota Banda Aceh,2022,17.81,13.03,99.61,72,20,92,1048,398,1446,19902,4351,24253,19,15,34,649,175,824,8950,1708,10658,17,12,29,681,184,865,8717,1380,10097,6,3,9,361,52,413,4071,753,4824
Kota Banda Aceh,2023,17.93,13.04,99.94,72,22,94,1070,392,1462,20156,4494,24651,19,17,36,628,212,840,9023,1821,10844,17,12,29,741,166,907,9700,1507,11207,6,3,9,414,48,462,4389,904,5293
Kota Banda Aceh,2024,17.94,13.1,99.48,72,23,95,1093,386,1479,20411,4638,25049,19,18,37,684,207,891,9593,1839,11432,17,12,29,846,132,978,10053,1560,11613,6,3,9,441,41,482,4513,836,5349
Kota Banda Aceh,2025,17.94,13.1,99.48,72,25,97,1083,434,1517,20652,5085,25737,19,19,38,659,217,876,10210,1967,12177,17,14,31,813,178,991,10121,1669,11790,6,3,9,433,51,484,4733,793,5526
Kota Langsa,2016,15.17,10.71,99.03,56,6,67,1064,56,1089,13878,672,15109,14,3,17,568,12,580,6478,73,6551,5,4,9,280,68,348,3860,440,4300,6,4,10,326,39,365,3237,248,3485
Kota Langsa,2017,15.18,10.9,99.03,57,8,65,997,106,1103,13956,1085,15041,14,3,17,561,23,584,6255,101,6356,5,4,9,285,55,340,3736,426,4162,6,4,10,331,39,370,3465,296,3761
Kota Langsa,2018,15.19,11.06,99.03,58,8,66,939,108,1047,13741,1384,15125,14,4,18,567,34,601,5999,259,6258,5,4,9,295,52,347,3511,347,3858,6,4,10,333,38,372,3630,263,3892
Kota Langsa,2019,15.34,11.1,99.03,58,9,67,969,120,1089,13344,1765,15109,14,4,18,564,52,616,6155,581,6736,5,5,10,277,52,329,3372,395,3767,6,4,10,335,38,373,3794,230,4024
Kota Langsa,2020,15.35,11.11,99.03,58,9,67,1002,143,1145,12778,1927,14705,14,4,18,582,55,637,5992,704,6696,5,5,10,294,58,352,3310,333,3643,6,4,10,361,33,394,3743,168,3911
Kota Langsa,2021,15.63,11.12,99.3,58,10,68,910,154,1064,12237,2018,14255,14,7,21,554,71,625,5721,832,6553,5,4,9,277,47,324,3407,342,3749,6,3,9,339,24,363,3660,162,3822
Kota Langsa,2022,15.64,11.14,99.39,58,9,67,912,161,1073,11890,1938,13828,15,8,23,516,94,610,5503,925,6428,5,4,9,279,45,324,3712,402,4114,6,3,9,354,25,379,3321,105,3426
Kota Langsa,2023,15.7,11.27,99.34,58,9,67,914,148,1062,11759,1918,13678,15,9,24,494,93,587,5512,996,6508,5,4,9,293,50,343,3875,440,4315,6,3,9,353,24,377,3323,101,3424
Kota Langsa,2024,15.71,11.28,99.32,58,9,67,915,136,1051,11628,1899,13527,15,11,26,475,96,571,5880,1010,6890,5,4,9,307,42,349,3992,411,4403,6,3,9,356,26,382,3416,100,3516
Kota Langsa,2025,15.71,11.28,99.32,56,9,65,907,144,1051,11890,1850,13740,16,12,28,464,104,568,5980,1063,7043,5,4,9,301,43,344,4001,480,4481,6,2,8,350,19,369,3522,127,3649
Kota Lhokseumawe,2016,15.16,10.53,99.51,58,8,70,1230,101,1349,16632,1239,18212,18,7,25,642,64,706,7336,509,7845,8,2,10,447,29,476,4257,223,4480,8,5,13,419,86,505,4319,376,4695
Kota Lhokseumawe,2017,15.17,10.88,99.51,58,9,67,1201,127,1328,16645,1381,18026,18,10,28,687,113,800,7094,705,7799,8,4,12,453,48,501,4097,359,4456,8,5,13,470,87,557,4612,424,5036
Kota Lhokseumawe,2018,15.18,10.89,99.51,58,11,69,1189,136,1325,16506,1620,18126,18,10,28,675,120,795,6748,873,7621,8,4,12,430,46,476,3775,405,4180,8,4,12,454,70,524,4536,419,4954
Kota Lhokseumawe,2019,15.19,10.9,99.51,58,12,70,1193,156,1349,16313,1899,18212,18,10,28,659,131,790,6818,922,7740,8,4,12,395,41,436,3564,427,3991,8,4,12,437,53,490,4459,414,4873
Kota Lhokseumawe,2020,15.2,10.91,99.51,58,13,71,1212,178,1390,15929,2151,18080,18,9,27,662,134,796,6721,1035,7756,8,4,12,401,39,440,3396,375,3771,8,5,13,453,57,510,4294,388,4682
Kota Lhokseumawe,2021,15.21,11.11,99.22,58,15,73,1169,196,1365,15337,2435,17772,18,12,30,626,141,767,6520,1130,7650,8,3,11,365,32,397,3198,366,3564,8,5,13,439,59,498,4490,342,4832
Kota Lhokseumawe,2022,15.27,11.12,99.42,58,17,75,1209,237,1446,15342,2744,18086,18,15,33,592,170,762,6218,1336,7554,8,3,11,343,32,375,3339,376,3715,8,4,12,442,50,492,3970,367,4337
Kota Lhokseumawe,2023,15.54,11.27,99.53,58,16,74,1195,248,1444,15424,3000,18424,18,17,35,536,183,719,6258,1437,7695,8,5,13,332,47,379,3501,510,4011,8,4,12,446,47,493,4152,325,4477
Kota Lhokseumawe,2024,15.55,11.31,99.2,58,16,74,1181,260,1441,15506,3256,18762,18,18,36,551,186,737,6399,1436,7835,8,6,14,351,49,400,3635,619,4254,8,4,12,459,37,496,4216,332,4548
Kota Lhokseumawe,2025,15.55,11.31,99.2,58,16,74,1144,288,1432,15648,3463,19111,19,17,36,536,178,714,6427,1410,7837,8,6,14,344,71,415,3600,658,4258,8,5,13,454,60,514,4287,337,4624
Kota Sabang,2016,13.17,10.51,99.76,24,1,25,416,13,407,3633,176,3914,8,1,9,249,15,264,1268,174,1442,2,1,3,126,13,139,937,101,1038,1,0,1,47,0,47,199,0,199
Kota Sabang,2017,13.58,10.7,99.76,24,1,25,396,12,408,3665,176,3841,8,1,9,229,10,239,1349,207,1556,2,1,3,127,12,139,942,94,1036,1,0,1,46,0,46,228,0,228
Kota Sabang,2018,13.66,10.97,99.76,24,1,25,378,12,390,3730,170,3900,8,1,9,223,15,238,1370,225,1595,2,1,3,110,9,119,913,101,1014,1,0,1,43,0,43,274,0,274
Kota Sabang,2019,13.81,11.13,99.76,24,1,25,394,13,407,3745,169,3914,8,1,9,226,14,240,1329,252,1581,2,1,3,94,6,100,941,114,1055,1,0,1,40,0,40,319,0,319
Kota Sabang,2020,13.95,11.14,99.76,25,0,25,403,0,403,3903,0,3903,8,1,9,240,17,257,1249,306,1555,2,1,3,96,6,102,1006,142,1148,1,0,1,41,0,41,336,0,336
Kota Sabang,2021,14.13,11.18,99.46,25,0,25,400,0,400,3824,0,3824,8,1,9,222,15,237,1249,332,1581,2,1,3,98,7,105,1073,177,1250,1,0,1,38,0,38,371,0,371
Kota Sabang,2022,14.4,11.19,99.34,25,0,25,401,0,401,3848,0,3848,8,1,9,209,17,226,1298,287,1585,2,1,3,95,14,109,1038,158,1196,1,0,1,44,0,44,363,0,363
Kota Sabang,2023,14.68,11.2,99.23,25,0,26,392,4,396,3732,16,3748,8,1,9,203,16,219,1370,229,1599,2,1,3,92,12,104,1081,142,1223,1,0,1,45,0,45,381,0,381
Kota Sabang,2024,14.97,11.22,99.62,25,1,26,383,7,390,3616,32,3648,9,1,10,203,15,218,1429,148,1577,2,1,3,101,12,113,1126,133,1259,1,0,1,45,0,45,386,0,386
Kota Sabang,2025,14.97,11.22,99.62,25,1,26,377,9,386,3563,58,3621,9,1,10,195,14,209,1482,113,1595,2,1,3,96,12,108,1127,119,1246,1,0,1,46,0,46,402,0,402
Kota Subulussalam,2016,14.18,6.88,97.01,78,2,83,952,14,934,11254,152,12116,16,4,20,265,50,315,3144,1019,4163,7,5,12,162,44,206,2497,637,3134,4,0,4,101,0,101,1382,0,1382
Kota Subulussalam,2017,14.19,7.12,97.01,78,5,83,865,20,885,11211,288,11499,16,7,23,255,59,314,3205,1112,4317,7,5,12,183,46,229,2519,664,3183,5,0,5,116,0,116,1411,0,1411
Kota Subulussalam,2018,14.2,7.39,97.01,78,5,83,840,25,865,11320,381,11701,16,8,24,246,72,318,2934,1239,4173,7,6,13,194,51,245,2624,754,3378,5,0,5,128,0,128,1492,0,1492
Kota Subulussalam,2019,14.21,7.58,97.01,78,5,83,899,35,934,11596,520,12116,16,10,26,252,82,334,2921,1693,4614,7,7,14,182,64,246,2518,888,3406,5,0,5,139,0,139,1574,0,1574
Kota Subulussalam,2020,14.61,7.84,97.01,79,4,83,924,28,952,11687,589,12276,16,11,27,259,100,359,2588,1993,4581,7,7,14,203,61,264,2223,973,3196,5,0,5,149,0,149,1582,0,1582
Kota Subulussalam,2021,14.62,8.03,97.25,82,4,86,934,37,971,11678,664,12342,16,14,30,257,104,361,2453,2256,4709,8,6,14,199,47,246,2179,899,3078,5,1,6,162,2,164,1521,20,1541
Kota Subulussalam,2022,14.81,8.22,98.07,82,4,86,1004,42,1046,11793,662,12455,16,19,35,259,137,396,2222,2342,4564,8,6,14,209,46,255,2110,903,3013,5,1,6,169,2,171,1369,27,1396
Kota Subulussalam,2023,15.06,8.32,96.99,82,4,86,1045,42,1087,12120,660,12780,16,21,37,265,160,425,2270,2375,4645,8,6,14,225,48,273,2097,926,3023,5,1,6,181,2,183,1255,52,1307
Kota Subulussalam,2024,15.31,8.43,96.44,82,4,86,1086,42,1128,12446,658,13104,16,24,40,279,156,435,2415,2316,4731,8,6,14,224,45,269,2209,911,3120,5,1,6,182,3,185,1243,44,1287
Kota Subulussalam,2025,15.31,8.43,96.44,82,5,87,1111,51,1162,12603,738,13341,16,27,43,281,196,477,2628,2262,4890,8,6,14,222,64,286,2360,842,3202,5,1,6,178,5,183,1266,44,1310
